{
  "dataset": {
    "sample_count": 17898,
    "positive_count": 1639,
    "negative_count": 16259,
    "prevalence": 0.09157447759526204,
    "path": "/Users/davidlaeer/Desktop/ENPH479/capstone/htru2/HTRU_2.arff",
    "feature_count": 8,
    "feature_names": [
      "Profile_mean",
      "Profile_stdev",
      "Profile_skewness",
      "Profile_kurtosis",
      "DM_mean",
      "DM_stdev",
      "DM_skewness",
      "DM_kurtosis"
    ]
  },
  "decision_rule": {
    "threshold": 0.5,
    "threshold_applied": true
  },
  "confusion_matrix": {
    "true_positives": 1472,
    "false_positives": 66,
    "true_negatives": 16193,
    "false_negatives": 167
  },
  "prediction_distribution": {
    "predicted_positive_count": 1538,
    "predicted_negative_count": 16360,
    "predicted_positive_rate": 0.08593138898200917,
    "predicted_negative_rate": 0.9140686110179909
  },
  "metrics": {
    "accuracy": 0.986981785674377,
    "error_rate": 0.013018214325623001,
    "precision": 0.9570871261378413,
    "recall": 0.8981086028065893,
    "true_positive_rate": 0.8981086028065893,
    "true_negative_rate": 0.9959407097607479,
    "specificity": 0.9959407097607479,
    "false_positive_rate": 0.004059290239252106,
    "false_negative_rate": 0.10189139719341062,
    "negative_predictive_value": 0.9897921760391198,
    "false_discovery_rate": 0.04291287386215865,
    "false_omission_rate": 0.010207823960880196,
    "balanced_accuracy": 0.9470246562836686,
    "f1_score": 0.9266603714195782,
    "matthews_corrcoef": 0.92008520757349
  },
  "output_summary": {
    "min": 3.346969453196397e-16,
    "max": 0.9999999999896645,
    "mean": 0.09165542643768847,
    "std": 0.27383215141369727
  },
  "model": {
    "path": "results/htru2_model_7/model.ffnnpy",
    "backend": "accelerated",
    "format_version": 1,
    "output_modifier_name": null,
    "input_layer_dim": 8,
    "hidden_layer_shapes": [
      256,
      1
    ],
    "layer_activation_funcs": [
      "sigmoid",
      "sigmoid"
    ],
    "resolved_runtime": "numpy",
    "raw_outputs_used": true,
    "saved_training_config": {
      "learning_rate": 0.1,
      "max_power": 20,
      "evaluation_points": 512,
      "seed": 0,
      "batch_size": 256,
      "runtime": "numpy"
    }
  },
  "performance": {
    "inference_seconds": 0.03264733403921127,
    "samples_per_second": 548222.4054957597,
    "microseconds_per_sample": 1.8240772175221407
  },
  "training_history": {
    "source": "recorded_during_resumed_training",
    "metric": "evaluation_loss",
    "metric_label": "Held-out MSE loss",
    "step_label": "Training updates",
    "loss_name": "mse",
    "points": [
      {
        "step": 1,
        "loss": 0.08071530052630543,
        "samples_seen": 256
      },
      {
        "step": 2,
        "loss": 0.0799071728607646,
        "samples_seen": 512
      },
      {
        "step": 4,
        "loss": 0.07565111731472166,
        "samples_seen": 1024
      },
      {
        "step": 8,
        "loss": 0.06331372930476759,
        "samples_seen": 2048
      },
      {
        "step": 16,
        "loss": 0.04880936274318862,
        "samples_seen": 4096
      },
      {
        "step": 32,
        "loss": 0.039959357049096436,
        "samples_seen": 8192
      },
      {
        "step": 64,
        "loss": 0.0332329866721074,
        "samples_seen": 16384
      },
      {
        "step": 128,
        "loss": 0.026846944044503506,
        "samples_seen": 32768
      },
      {
        "step": 256,
        "loss": 0.023200839195851312,
        "samples_seen": 65536
      },
      {
        "step": 512,
        "loss": 0.0210761881895199,
        "samples_seen": 131072
      },
      {
        "step": 1024,
        "loss": 0.019801644424238124,
        "samples_seen": 262144
      },
      {
        "step": 2048,
        "loss": 0.01959694742248524,
        "samples_seen": 524288
      },
      {
        "step": 4096,
        "loss": 0.019096350587836722,
        "samples_seen": 1048576
      },
      {
        "step": 8192,
        "loss": 0.018591723149681834,
        "samples_seen": 2097152
      },
      {
        "step": 16384,
        "loss": 0.018569024008229882,
        "samples_seen": 4194304
      },
      {
        "step": 32768,
        "loss": 0.018423700833112382,
        "samples_seen": 8388608
      },
      {
        "step": 65536,
        "loss": 0.018619769965732405,
        "samples_seen": 16777216
      },
      {
        "step": 131072,
        "loss": 0.018308114905972013,
        "samples_seen": 33554432
      },
      {
        "step": 262144,
        "loss": 0.018240886808682154,
        "samples_seen": 67108864
      },
      {
        "step": 262145,
        "loss": 0.018672599077053226,
        "samples_seen": 67109120
      },
      {
        "step": 262146,
        "loss": 0.021235914665831378,
        "samples_seen": 67109376
      },
      {
        "step": 262148,
        "loss": 0.018436514263829373,
        "samples_seen": 67109888
      },
      {
        "step": 262152,
        "loss": 0.02033642884936305,
        "samples_seen": 67110912
      },
      {
        "step": 262160,
        "loss": 0.018662912624658783,
        "samples_seen": 67112960
      },
      {
        "step": 262176,
        "loss": 0.019051412315100064,
        "samples_seen": 67117056
      },
      {
        "step": 262208,
        "loss": 0.021541665545899733,
        "samples_seen": 67125248
      },
      {
        "step": 262272,
        "loss": 0.018582038108432935,
        "samples_seen": 67141632
      },
      {
        "step": 262400,
        "loss": 0.01859126330494652,
        "samples_seen": 67174400
      },
      {
        "step": 262656,
        "loss": 0.01866270226945056,
        "samples_seen": 67239936
      },
      {
        "step": 263168,
        "loss": 0.017849781283488176,
        "samples_seen": 67371008
      },
      {
        "step": 264192,
        "loss": 0.01874560604239999,
        "samples_seen": 67633152
      },
      {
        "step": 266240,
        "loss": 0.017972277484264193,
        "samples_seen": 68157440
      },
      {
        "step": 270336,
        "loss": 0.01790211104414414,
        "samples_seen": 69206016
      },
      {
        "step": 278528,
        "loss": 0.017608403762688685,
        "samples_seen": 71303168
      },
      {
        "step": 294912,
        "loss": 0.01802767938323303,
        "samples_seen": 75497472
      },
      {
        "step": 327680,
        "loss": 0.01907669517439511,
        "samples_seen": 83886080
      },
      {
        "step": 393216,
        "loss": 0.018534336870185217,
        "samples_seen": 100663296
      },
      {
        "step": 524288,
        "loss": 0.018690540015130715,
        "samples_seen": 134217728
      },
      {
        "step": 786432,
        "loss": 0.01963029045381956,
        "samples_seen": 201326592
      },
      {
        "step": 1310720,
        "loss": 0.020048670317943267,
        "samples_seen": 335544320
      }
    ],
    "best_step": 278528,
    "best_loss": 0.017608403762688685,
    "final_step": 1310720,
    "final_loss": 0.020048670317943267
  }
}
