{
  "dataset": {
    "sample_count": 17898,
    "positive_count": 1639,
    "negative_count": 16259,
    "prevalence": 0.09157447759526204,
    "path": "/Users/davidlaeer/Desktop/ENPH479/capstone/htru2/HTRU_2.arff",
    "feature_count": 8,
    "feature_names": [
      "Profile_mean",
      "Profile_stdev",
      "Profile_skewness",
      "Profile_kurtosis",
      "DM_mean",
      "DM_stdev",
      "DM_skewness",
      "DM_kurtosis"
    ]
  },
  "decision_rule": {
    "threshold": 0.5,
    "threshold_applied": true
  },
  "confusion_matrix": {
    "true_positives": 1324,
    "false_positives": 124,
    "true_negatives": 16135,
    "false_negatives": 315
  },
  "prediction_distribution": {
    "predicted_positive_count": 1448,
    "predicted_negative_count": 16450,
    "predicted_positive_rate": 0.08090289417812047,
    "predicted_negative_rate": 0.9190971058218795
  },
  "metrics": {
    "accuracy": 0.9754721197899207,
    "error_rate": 0.024527880210079345,
    "precision": 0.914364640883978,
    "recall": 0.8078096400244051,
    "true_positive_rate": 0.8078096400244051,
    "true_negative_rate": 0.9923734547020112,
    "specificity": 0.9923734547020112,
    "false_positive_rate": 0.007626545297988807,
    "false_negative_rate": 0.1921903599755949,
    "negative_predictive_value": 0.9808510638297873,
    "false_discovery_rate": 0.0856353591160221,
    "false_omission_rate": 0.019148936170212766,
    "balanced_accuracy": 0.9000915473632082,
    "f1_score": 0.8577907353417558,
    "matthews_corrcoef": 0.8463666303946242
  },
  "output_summary": {
    "min": 0.008018377994146078,
    "max": 0.9857305705011046,
    "mean": 0.08784152688484556,
    "std": 0.24950107859150022
  },
  "model": {
    "path": "results/htru2_model_4/model.ffnnpy",
    "backend": "accelerated",
    "format_version": 1,
    "output_modifier_name": null,
    "input_layer_dim": 8,
    "hidden_layer_shapes": [
      8,
      128,
      64,
      32,
      1
    ],
    "layer_activation_funcs": [
      "sigmoid",
      "sigmoid",
      "sigmoid",
      "sigmoid",
      "sigmoid"
    ],
    "resolved_runtime": "numpy",
    "raw_outputs_used": true,
    "saved_training_config": {
      "learning_rate": 1.0,
      "max_power": 17,
      "evaluation_points": 512,
      "seed": 21,
      "batch_size": 256,
      "runtime": "numpy"
    }
  },
  "performance": {
    "inference_seconds": 0.024690832942724228,
    "samples_per_second": 724884.4152612557,
    "microseconds_per_sample": 1.3795302795130309
  },
  "training_history": {
    "source": "replayed_from_hyperparams",
    "metric": "evaluation_loss",
    "metric_label": "Held-out MSE loss",
    "step_label": "Training updates",
    "loss_name": "mse",
    "points": [
      {
        "step": 1,
        "loss": 0.08328863706431025,
        "samples_seen": 256
      },
      {
        "step": 2,
        "loss": 0.08331538602305262,
        "samples_seen": 512
      },
      {
        "step": 4,
        "loss": 0.08320279256661599,
        "samples_seen": 1024
      },
      {
        "step": 8,
        "loss": 0.08314910542419884,
        "samples_seen": 2048
      },
      {
        "step": 16,
        "loss": 0.0831429441331548,
        "samples_seen": 4096
      },
      {
        "step": 32,
        "loss": 0.0831415495311971,
        "samples_seen": 8192
      },
      {
        "step": 64,
        "loss": 0.08316478265279924,
        "samples_seen": 16384
      },
      {
        "step": 128,
        "loss": 0.08307581566166018,
        "samples_seen": 32768
      },
      {
        "step": 256,
        "loss": 0.08298768648907419,
        "samples_seen": 65536
      },
      {
        "step": 512,
        "loss": 0.08276575939611484,
        "samples_seen": 131072
      },
      {
        "step": 1024,
        "loss": 0.08060116365421993,
        "samples_seen": 262144
      },
      {
        "step": 2048,
        "loss": 0.025683058220612114,
        "samples_seen": 524288
      },
      {
        "step": 4096,
        "loss": 0.025162014060162042,
        "samples_seen": 1048576
      },
      {
        "step": 8192,
        "loss": 0.025096747871961665,
        "samples_seen": 2097152
      },
      {
        "step": 16384,
        "loss": 0.024786728018978445,
        "samples_seen": 4194304
      },
      {
        "step": 32768,
        "loss": 0.023315979377000064,
        "samples_seen": 8388608
      },
      {
        "step": 65536,
        "loss": 0.02293555610187414,
        "samples_seen": 16777216
      },
      {
        "step": 131072,
        "loss": 0.02293262917435014,
        "samples_seen": 33554432
      }
    ],
    "best_step": 131072,
    "best_loss": 0.02293262917435014,
    "final_step": 131072,
    "final_loss": 0.02293262917435014,
    "hyperparams_path": "results/htru2_model_4/hyperparams.json",
    "verification": {
      "saved_model_final_loss": 0.02293262917435014,
      "loss_delta_vs_saved_model": 0.0
    }
  }
}
