{
  "selection_policy": "thresholds selected on train split only; test/full used only for reporting",
  "default": {
    "threshold": 0.5,
    "train_metrics": {
      "tp": 858,
      "fp": 32,
      "tn": 9724,
      "fn": 126,
      "accuracy": 0.9852886405959032,
      "precision": 0.9640449438202248,
      "recall": 0.8719512195121951
    },
    "test_metrics": {
      "tp": 568,
      "fp": 47,
      "tn": 6456,
      "fn": 87,
      "accuracy": 0.9812796870634255,
      "precision": 0.9235772357723577,
      "recall": 0.867175572519084
    },
    "full_metrics": {
      "tp": 1426,
      "fp": 79,
      "tn": 16180,
      "fn": 213,
      "accuracy": 0.9836853279696055,
      "precision": 0.9475083056478405,
      "recall": 0.8700427089688835
    }
  },
  "fn_focus": {
    "threshold": 0.311,
    "train_metrics": {
      "tp": 885,
      "fp": 62,
      "tn": 9694,
      "fn": 99,
      "accuracy": 0.9850093109869646,
      "precision": 0.9345300950369588,
      "recall": 0.899390243902439
    },
    "train_fbeta": 0.906205201720254,
    "test_metrics": {
      "tp": 578,
      "fp": 74,
      "tn": 6429,
      "fn": 77,
      "accuracy": 0.9789047219893825,
      "precision": 0.8865030674846626,
      "recall": 0.8824427480916031
    },
    "full_metrics": {
      "tp": 1463,
      "fp": 136,
      "tn": 16123,
      "fn": 176,
      "accuracy": 0.9825678846798525,
      "precision": 0.9149468417761101,
      "recall": 0.8926174496644296
    }
  },
  "fp_focus": {
    "threshold": 0.645,
    "train_metrics": {
      "tp": 835,
      "fp": 23,
      "tn": 9733,
      "fn": 149,
      "accuracy": 0.9839851024208566,
      "precision": 0.9731934731934732,
      "recall": 0.8485772357723578
    },
    "train_fbeta": 0.9454257246376813,
    "test_metrics": {
      "tp": 544,
      "fp": 37,
      "tn": 6466,
      "fn": 111,
      "accuracy": 0.9793238334730372,
      "precision": 0.9363166953528399,
      "recall": 0.8305343511450382
    },
    "full_metrics": {
      "tp": 1379,
      "fp": 60,
      "tn": 16199,
      "fn": 260,
      "accuracy": 0.9821209073639513,
      "precision": 0.9583043780403058,
      "recall": 0.8413666870042709
    }
  }
}
