{
  "dataset": {
    "sample_count": 17898,
    "positive_count": 1639,
    "negative_count": 16259,
    "prevalence": 0.09157447759526204,
    "path": "/Users/davidlaeer/Desktop/ENPH479/capstone/htru2/HTRU_2.arff",
    "feature_count": 8,
    "feature_names": [
      "Profile_mean",
      "Profile_stdev",
      "Profile_skewness",
      "Profile_kurtosis",
      "DM_mean",
      "DM_stdev",
      "DM_skewness",
      "DM_kurtosis"
    ]
  },
  "decision_rule": {
    "threshold": 0.5,
    "threshold_applied": true
  },
  "confusion_matrix": {
    "true_positives": 1401,
    "false_positives": 79,
    "true_negatives": 16180,
    "false_negatives": 238
  },
  "prediction_distribution": {
    "predicted_positive_count": 1480,
    "predicted_negative_count": 16418,
    "predicted_positive_rate": 0.08269080344172533,
    "predicted_negative_rate": 0.9173091965582747
  },
  "metrics": {
    "accuracy": 0.9822885238574143,
    "error_rate": 0.017711476142585725,
    "precision": 0.9466216216216217,
    "recall": 0.8547895057962172,
    "true_positive_rate": 0.8547895057962172,
    "true_negative_rate": 0.9951411525924103,
    "specificity": 0.9951411525924103,
    "false_positive_rate": 0.004858847407589643,
    "false_negative_rate": 0.1452104942037828,
    "negative_predictive_value": 0.9855037154342795,
    "false_discovery_rate": 0.05337837837837838,
    "false_omission_rate": 0.01449628456572055,
    "balanced_accuracy": 0.9249653291943137,
    "f1_score": 0.8983648605322219,
    "matthews_corrcoef": 0.8900797163314325
  },
  "output_summary": {
    "min": 2.5119306222411007e-06,
    "max": 0.999991159934785,
    "mean": 0.08684230697358544,
    "std": 0.2636443283582528
  },
  "model": {
    "path": "results/htru2_model_13/model.ffnnpy",
    "backend": "accelerated",
    "format_version": 1,
    "output_modifier_name": null,
    "input_layer_dim": 8,
    "hidden_layer_shapes": [
      64,
      32,
      1
    ],
    "layer_activation_funcs": [
      "sigmoid",
      "sigmoid",
      "sigmoid"
    ],
    "resolved_runtime": "numpy",
    "raw_outputs_used": true,
    "saved_training_config": {
      "learning_rate": 0.03,
      "max_power": 20,
      "evaluation_points": 512,
      "seed": 0,
      "batch_size": 128,
      "runtime": "numpy"
    }
  },
  "performance": {
    "inference_seconds": 0.030091000022366643,
    "samples_per_second": 594795.785673338,
    "microseconds_per_sample": 1.6812493028476168
  },
  "training_history": {
    "source": "recorded_during_training",
    "metric": "evaluation_loss",
    "metric_label": "Held-out MSE loss",
    "step_label": "Training updates",
    "loss_name": "mse",
    "points": [
      {
        "step": 1,
        "loss": 0.6603564658572137,
        "samples_seen": 128
      },
      {
        "step": 2,
        "loss": 0.642768953120736,
        "samples_seen": 256
      },
      {
        "step": 4,
        "loss": 0.6010733667828897,
        "samples_seen": 512
      },
      {
        "step": 8,
        "loss": 0.5030494064053012,
        "samples_seen": 1024
      },
      {
        "step": 16,
        "loss": 0.29198723059741444,
        "samples_seen": 2048
      },
      {
        "step": 32,
        "loss": 0.12422969652991717,
        "samples_seen": 4096
      },
      {
        "step": 64,
        "loss": 0.08523020854705365,
        "samples_seen": 8192
      },
      {
        "step": 128,
        "loss": 0.07658054831929549,
        "samples_seen": 16384
      },
      {
        "step": 256,
        "loss": 0.07228536867054186,
        "samples_seen": 32768
      },
      {
        "step": 512,
        "loss": 0.06533030913983867,
        "samples_seen": 65536
      },
      {
        "step": 1024,
        "loss": 0.05174357473204856,
        "samples_seen": 131072
      },
      {
        "step": 2048,
        "loss": 0.03358557458877341,
        "samples_seen": 262144
      },
      {
        "step": 4096,
        "loss": 0.023377144654393986,
        "samples_seen": 524288
      },
      {
        "step": 8192,
        "loss": 0.020240346605339066,
        "samples_seen": 1048576
      },
      {
        "step": 16384,
        "loss": 0.019081898343242566,
        "samples_seen": 2097152
      },
      {
        "step": 32768,
        "loss": 0.01875858114125569,
        "samples_seen": 4194304
      },
      {
        "step": 65536,
        "loss": 0.01861375491183011,
        "samples_seen": 8388608
      },
      {
        "step": 131072,
        "loss": 0.018317195855479793,
        "samples_seen": 16777216
      },
      {
        "step": 262144,
        "loss": 0.018389546803012854,
        "samples_seen": 33554432
      },
      {
        "step": 524288,
        "loss": 0.01783852098606821,
        "samples_seen": 67108864
      },
      {
        "step": 1048576,
        "loss": 0.018127699504049563,
        "samples_seen": 134217728
      }
    ],
    "best_step": 524288,
    "best_loss": 0.01783852098606821,
    "final_step": 1048576,
    "final_loss": 0.018127699504049563
  }
}
