{
  "dataset": {
    "sample_count": 17898,
    "positive_count": 1639,
    "negative_count": 16259,
    "prevalence": 0.09157447759526204,
    "path": "/Users/davidlaeer/Desktop/ENPH479/capstone/htru2/HTRU_2.arff",
    "feature_count": 8,
    "feature_names": [
      "Profile_mean",
      "Profile_stdev",
      "Profile_skewness",
      "Profile_kurtosis",
      "DM_mean",
      "DM_stdev",
      "DM_skewness",
      "DM_kurtosis"
    ]
  },
  "decision_rule": {
    "threshold": 0.5,
    "threshold_applied": true
  },
  "confusion_matrix": {
    "true_positives": 1420,
    "false_positives": 82,
    "true_negatives": 16177,
    "false_negatives": 219
  },
  "prediction_distribution": {
    "predicted_positive_count": 1502,
    "predicted_negative_count": 16396,
    "predicted_positive_rate": 0.08391999106045368,
    "predicted_negative_rate": 0.9160800089395463
  },
  "metrics": {
    "accuracy": 0.9831824784892167,
    "error_rate": 0.016817521510783306,
    "precision": 0.9454061251664447,
    "recall": 0.8663819402074435,
    "true_positive_rate": 0.8663819402074435,
    "true_negative_rate": 0.9949566393997171,
    "specificity": 0.9949566393997171,
    "false_positive_rate": 0.00504336060028292,
    "false_negative_rate": 0.13361805979255645,
    "negative_predictive_value": 0.986643083678946,
    "false_discovery_rate": 0.05459387483355526,
    "false_omission_rate": 0.013356916321053916,
    "balanced_accuracy": 0.9306692898035803,
    "f1_score": 0.9041706462909901,
    "matthews_corrcoef": 0.8959966192295966
  },
  "output_summary": {
    "min": 7.502218879406841e-07,
    "max": 0.9999437937112831,
    "mean": 0.09126027995476194,
    "std": 0.2644910489321823
  },
  "model": {
    "path": "results/htru2_model_22/model.ffnnpy",
    "backend": "accelerated",
    "format_version": 1,
    "output_modifier_name": null,
    "input_layer_dim": 8,
    "hidden_layer_shapes": [
      256,
      128,
      64,
      1
    ],
    "layer_activation_funcs": [
      "sigmoid",
      "sigmoid",
      "sigmoid",
      "sigmoid"
    ],
    "resolved_runtime": "numpy",
    "raw_outputs_used": true,
    "saved_training_config": {
      "learning_rate": 0.01,
      "max_power": 14,
      "evaluation_points": 512,
      "seed": 0,
      "batch_size": 128,
      "runtime": "numpy"
    }
  },
  "performance": {
    "inference_seconds": 0.2148358749691397,
    "samples_per_second": 83310.108251571,
    "microseconds_per_sample": 12.003345344124465
  },
  "training_history": {
    "source": "recorded_during_resumed_training",
    "metric": "evaluation_loss",
    "metric_label": "Held-out MSE loss",
    "step_label": "Training updates",
    "loss_name": "mse",
    "points": [
      {
        "step": 1,
        "loss": 0.3079769132080116,
        "samples_seen": 128
      },
      {
        "step": 2,
        "loss": 0.29595273778282793,
        "samples_seen": 256
      },
      {
        "step": 4,
        "loss": 0.27267190825390314,
        "samples_seen": 512
      },
      {
        "step": 8,
        "loss": 0.23484584658743635,
        "samples_seen": 1024
      },
      {
        "step": 16,
        "loss": 0.18116330683498047,
        "samples_seen": 2048
      },
      {
        "step": 32,
        "loss": 0.12928317053408572,
        "samples_seen": 4096
      },
      {
        "step": 64,
        "loss": 0.09804416193957519,
        "samples_seen": 8192
      },
      {
        "step": 128,
        "loss": 0.08590307529044021,
        "samples_seen": 16384
      },
      {
        "step": 256,
        "loss": 0.08207921745654455,
        "samples_seen": 32768
      },
      {
        "step": 512,
        "loss": 0.0808884979407365,
        "samples_seen": 65536
      },
      {
        "step": 1024,
        "loss": 0.08002640030342037,
        "samples_seen": 131072
      },
      {
        "step": 2048,
        "loss": 0.07792195501389307,
        "samples_seen": 262144
      },
      {
        "step": 4096,
        "loss": 0.06985366429884156,
        "samples_seen": 524288
      },
      {
        "step": 8192,
        "loss": 0.04209429820725149,
        "samples_seen": 1048576
      },
      {
        "step": 16384,
        "loss": 0.023243517886789567,
        "samples_seen": 2097152
      },
      {
        "step": 32768,
        "loss": 0.0198041540954259,
        "samples_seen": 4194304
      },
      {
        "step": 65536,
        "loss": 0.018987387302129028,
        "samples_seen": 8388608
      },
      {
        "step": 131072,
        "loss": 0.01846560436632599,
        "samples_seen": 16777216
      },
      {
        "step": 262144,
        "loss": 0.01829027838410772,
        "samples_seen": 33554432
      },
      {
        "step": 524288,
        "loss": 0.017743254695600737,
        "samples_seen": 67108864
      },
      {
        "step": 1048576,
        "loss": 0.017364428469711576,
        "samples_seen": 134217728
      },
      {
        "step": 1048577,
        "loss": 0.017238517650824906,
        "samples_seen": 134217856
      },
      {
        "step": 1048578,
        "loss": 0.01853846771713015,
        "samples_seen": 134217984
      },
      {
        "step": 1048580,
        "loss": 0.017449274420793116,
        "samples_seen": 134218240
      },
      {
        "step": 1048584,
        "loss": 0.017127299039777378,
        "samples_seen": 134218752
      },
      {
        "step": 1048592,
        "loss": 0.01734061543581215,
        "samples_seen": 134219776
      },
      {
        "step": 1048608,
        "loss": 0.01749004486070358,
        "samples_seen": 134221824
      },
      {
        "step": 1048640,
        "loss": 0.017945119712965737,
        "samples_seen": 134225920
      },
      {
        "step": 1048704,
        "loss": 0.0178298109945111,
        "samples_seen": 134234112
      },
      {
        "step": 1048832,
        "loss": 0.01703768256105628,
        "samples_seen": 134250496
      },
      {
        "step": 1049088,
        "loss": 0.017422078765436146,
        "samples_seen": 134283264
      },
      {
        "step": 1049600,
        "loss": 0.01751365908450709,
        "samples_seen": 134348800
      },
      {
        "step": 1050624,
        "loss": 0.017192812471065935,
        "samples_seen": 134479872
      },
      {
        "step": 1052672,
        "loss": 0.0174335584169429,
        "samples_seen": 134742016
      },
      {
        "step": 1056768,
        "loss": 0.016978287085694186,
        "samples_seen": 135266304
      },
      {
        "step": 1064960,
        "loss": 0.01697359541981165,
        "samples_seen": 136314880
      }
    ],
    "best_step": 1064960,
    "best_loss": 0.01697359541981165,
    "final_step": 1064960,
    "final_loss": 0.01697359541981165
  }
}
