{
  "selection_policy": "thresholds selected on train split only; test/full used only for reporting",
  "default": {
    "threshold": 0.5,
    "train_metrics": {
      "tp": 856,
      "fp": 30,
      "tn": 9726,
      "fn": 128,
      "accuracy": 0.9852886405959032,
      "precision": 0.9661399548532731,
      "recall": 0.8699186991869918
    },
    "test_metrics": {
      "tp": 564,
      "fp": 52,
      "tn": 6451,
      "fn": 91,
      "accuracy": 0.9800223526124616,
      "precision": 0.9155844155844156,
      "recall": 0.8610687022900764
    },
    "full_metrics": {
      "tp": 1420,
      "fp": 82,
      "tn": 16177,
      "fn": 219,
      "accuracy": 0.9831824784892167,
      "precision": 0.9454061251664447,
      "recall": 0.8663819402074435
    }
  },
  "fn_focus": {
    "threshold": 0.222,
    "train_metrics": {
      "tp": 889,
      "fp": 99,
      "tn": 9657,
      "fn": 95,
      "accuracy": 0.9819366852886406,
      "precision": 0.8997975708502024,
      "recall": 0.9034552845528455
    },
    "train_fbeta": 0.9027213647441105,
    "test_metrics": {
      "tp": 588,
      "fp": 105,
      "tn": 6398,
      "fn": 67,
      "accuracy": 0.9759709416037999,
      "precision": 0.8484848484848485,
      "recall": 0.8977099236641222
    },
    "full_metrics": {
      "tp": 1477,
      "fp": 204,
      "tn": 16055,
      "fn": 162,
      "accuracy": 0.9795507877975193,
      "precision": 0.8786436644854253,
      "recall": 0.9011592434411226
    }
  },
  "fp_focus": {
    "threshold": 0.548,
    "train_metrics": {
      "tp": 851,
      "fp": 27,
      "tn": 9729,
      "fn": 133,
      "accuracy": 0.9851024208566108,
      "precision": 0.969248291571754,
      "recall": 0.8648373983739838
    },
    "train_fbeta": 0.9463967971530247,
    "test_metrics": {
      "tp": 556,
      "fp": 45,
      "tn": 6458,
      "fn": 99,
      "accuracy": 0.9798826487845766,
      "precision": 0.9251247920133111,
      "recall": 0.8488549618320611
    },
    "full_metrics": {
      "tp": 1407,
      "fp": 72,
      "tn": 16187,
      "fn": 232,
      "accuracy": 0.9830148619957537,
      "precision": 0.9513184584178499,
      "recall": 0.8584502745576571
    }
  }
}
