{
  "dataset": {
    "sample_count": 17898,
    "positive_count": 1639,
    "negative_count": 16259,
    "prevalence": 0.09157447759526204,
    "path": "/Users/davidlaeer/Desktop/ENPH479/capstone/htru2/HTRU_2.arff",
    "feature_count": 8,
    "feature_names": [
      "Profile_mean",
      "Profile_stdev",
      "Profile_skewness",
      "Profile_kurtosis",
      "DM_mean",
      "DM_stdev",
      "DM_skewness",
      "DM_kurtosis"
    ]
  },
  "decision_rule": {
    "threshold": 0.5,
    "threshold_applied": true
  },
  "confusion_matrix": {
    "true_positives": 1322,
    "false_positives": 85,
    "true_negatives": 16174,
    "false_negatives": 317
  },
  "prediction_distribution": {
    "predicted_positive_count": 1407,
    "predicted_negative_count": 16491,
    "predicted_positive_rate": 0.07861213543412672,
    "predicted_negative_rate": 0.9213878645658733
  },
  "metrics": {
    "accuracy": 0.9775393898759638,
    "error_rate": 0.022460610124036218,
    "precision": 0.9395877754086709,
    "recall": 0.8065893837705919,
    "true_positive_rate": 0.8065893837705919,
    "true_negative_rate": 0.9947721262070238,
    "specificity": 0.9947721262070238,
    "false_positive_rate": 0.005227873792976198,
    "false_negative_rate": 0.19341061622940817,
    "negative_predictive_value": 0.9807773937299132,
    "false_discovery_rate": 0.06041222459132907,
    "false_omission_rate": 0.019222606270086713,
    "balanced_accuracy": 0.9006807549888078,
    "f1_score": 0.8680236375574524,
    "matthews_corrcoef": 0.858804530537479
  },
  "output_summary": {
    "min": 0.0011976269111659329,
    "max": 0.9967899666546717,
    "mean": 0.08725776886600901,
    "std": 0.25406258833644835
  },
  "model": {
    "path": "results/htru2_model_3/model.ffnnpy",
    "backend": "accelerated",
    "format_version": 1,
    "output_modifier_name": null,
    "input_layer_dim": 8,
    "hidden_layer_shapes": [
      128,
      128,
      64,
      32,
      1
    ],
    "layer_activation_funcs": [
      "sigmoid",
      "sigmoid",
      "sigmoid",
      "sigmoid",
      "sigmoid"
    ],
    "resolved_runtime": "numba",
    "raw_outputs_used": true,
    "saved_training_config": {
      "learning_rate": 0.07,
      "max_power": 16,
      "evaluation_points": 512,
      "seed": 21,
      "batch_size": 256,
      "runtime": "numba"
    }
  },
  "performance": {
    "inference_seconds": 0.286409666063264,
    "samples_per_second": 62490.90767783855,
    "microseconds_per_sample": 16.00232797314024
  }
}
