{
  "dataset": {
    "sample_count": 17898,
    "positive_count": 1639,
    "negative_count": 16259,
    "prevalence": 0.09157447759526204,
    "path": "/Users/davidlaeer/Desktop/ENPH479/capstone/htru2/HTRU_2.arff",
    "feature_count": 8,
    "feature_names": [
      "Profile_mean",
      "Profile_stdev",
      "Profile_skewness",
      "Profile_kurtosis",
      "DM_mean",
      "DM_stdev",
      "DM_skewness",
      "DM_kurtosis"
    ]
  },
  "decision_rule": {
    "threshold": 0.5,
    "threshold_applied": true
  },
  "confusion_matrix": {
    "true_positives": 1408,
    "false_positives": 72,
    "true_negatives": 16187,
    "false_negatives": 231
  },
  "prediction_distribution": {
    "predicted_positive_count": 1480,
    "predicted_negative_count": 16418,
    "predicted_positive_rate": 0.08269080344172533,
    "predicted_negative_rate": 0.9173091965582747
  },
  "metrics": {
    "accuracy": 0.9830707341602414,
    "error_rate": 0.016929265839758623,
    "precision": 0.9513513513513514,
    "recall": 0.8590604026845637,
    "true_positive_rate": 0.8590604026845637,
    "true_negative_rate": 0.9955716833753614,
    "specificity": 0.9955716833753614,
    "false_positive_rate": 0.004428316624638662,
    "false_negative_rate": 0.14093959731543623,
    "negative_predictive_value": 0.985930076745036,
    "false_discovery_rate": 0.04864864864864865,
    "false_omission_rate": 0.014069923254964064,
    "balanced_accuracy": 0.9273160430299625,
    "f1_score": 0.9028534786790638,
    "matthews_corrcoef": 0.8950032302283837
  },
  "output_summary": {
    "min": 6.391726198508619e-07,
    "max": 0.9999813108675626,
    "mean": 0.09407161364648045,
    "std": 0.26100314232693184
  },
  "model": {
    "path": "results/htru2_model_11/model.ffnnpy",
    "backend": "accelerated",
    "format_version": 1,
    "output_modifier_name": null,
    "input_layer_dim": 8,
    "hidden_layer_shapes": [
      256,
      1
    ],
    "layer_activation_funcs": [
      "sigmoid",
      "sigmoid"
    ],
    "resolved_runtime": "numpy",
    "raw_outputs_used": true,
    "saved_training_config": {
      "learning_rate": 0.01,
      "max_power": 14,
      "evaluation_points": 512,
      "seed": 0,
      "batch_size": 128,
      "runtime": "numpy"
    }
  },
  "performance": {
    "inference_seconds": 0.03339241701178253,
    "samples_per_second": 535989.9522602597,
    "microseconds_per_sample": 1.8657066159225906
  },
  "training_history": {
    "source": "recorded_during_resumed_training",
    "metric": "evaluation_loss",
    "metric_label": "Held-out MSE loss",
    "step_label": "Training updates",
    "loss_name": "mse",
    "points": [
      {
        "step": 1,
        "loss": 0.08071530052630543,
        "samples_seen": 256
      },
      {
        "step": 2,
        "loss": 0.0799071728607646,
        "samples_seen": 512
      },
      {
        "step": 4,
        "loss": 0.07565111731472166,
        "samples_seen": 1024
      },
      {
        "step": 8,
        "loss": 0.06331372930476759,
        "samples_seen": 2048
      },
      {
        "step": 16,
        "loss": 0.04880936274318862,
        "samples_seen": 4096
      },
      {
        "step": 32,
        "loss": 0.039959357049096436,
        "samples_seen": 8192
      },
      {
        "step": 64,
        "loss": 0.0332329866721074,
        "samples_seen": 16384
      },
      {
        "step": 128,
        "loss": 0.026846944044503506,
        "samples_seen": 32768
      },
      {
        "step": 256,
        "loss": 0.023200839195851312,
        "samples_seen": 65536
      },
      {
        "step": 512,
        "loss": 0.0210761881895199,
        "samples_seen": 131072
      },
      {
        "step": 1024,
        "loss": 0.019801644424238124,
        "samples_seen": 262144
      },
      {
        "step": 2048,
        "loss": 0.01959694742248524,
        "samples_seen": 524288
      },
      {
        "step": 4096,
        "loss": 0.019096350587836722,
        "samples_seen": 1048576
      },
      {
        "step": 8192,
        "loss": 0.018591723149681834,
        "samples_seen": 2097152
      },
      {
        "step": 16384,
        "loss": 0.018569024008229882,
        "samples_seen": 4194304
      },
      {
        "step": 32768,
        "loss": 0.018423700833112382,
        "samples_seen": 8388608
      },
      {
        "step": 65536,
        "loss": 0.018619769965732405,
        "samples_seen": 16777216
      },
      {
        "step": 131072,
        "loss": 0.018308114905972013,
        "samples_seen": 33554432
      },
      {
        "step": 262144,
        "loss": 0.018240886808682154,
        "samples_seen": 67108864
      },
      {
        "step": 262145,
        "loss": 0.01830776000646575,
        "samples_seen": 67108992
      },
      {
        "step": 262146,
        "loss": 0.01853382671978404,
        "samples_seen": 67109120
      },
      {
        "step": 262148,
        "loss": 0.019056867950300288,
        "samples_seen": 67109376
      },
      {
        "step": 262152,
        "loss": 0.01830997786612163,
        "samples_seen": 67109888
      },
      {
        "step": 262160,
        "loss": 0.018227150411843612,
        "samples_seen": 67110912
      },
      {
        "step": 262176,
        "loss": 0.018117113522515365,
        "samples_seen": 67112960
      },
      {
        "step": 262208,
        "loss": 0.018561243475262355,
        "samples_seen": 67117056
      },
      {
        "step": 262272,
        "loss": 0.019213992422801834,
        "samples_seen": 67125248
      },
      {
        "step": 262400,
        "loss": 0.0179136424573843,
        "samples_seen": 67141632
      },
      {
        "step": 262656,
        "loss": 0.018183014353351325,
        "samples_seen": 67174400
      },
      {
        "step": 263168,
        "loss": 0.018367253028182394,
        "samples_seen": 67239936
      },
      {
        "step": 264192,
        "loss": 0.01774019025836839,
        "samples_seen": 67371008
      },
      {
        "step": 266240,
        "loss": 0.018056112954293647,
        "samples_seen": 67633152
      },
      {
        "step": 270336,
        "loss": 0.01786472955095662,
        "samples_seen": 68157440
      },
      {
        "step": 278528,
        "loss": 0.01764052896616949,
        "samples_seen": 69206016
      },
      {
        "step": 294912,
        "loss": 0.01750489366474113,
        "samples_seen": 71303168
      },
      {
        "step": 294913,
        "loss": 0.017489922429250574,
        "samples_seen": 71303296
      },
      {
        "step": 294914,
        "loss": 0.017613400479327017,
        "samples_seen": 71303424
      },
      {
        "step": 294916,
        "loss": 0.017971932238235865,
        "samples_seen": 71303680
      },
      {
        "step": 294920,
        "loss": 0.01766758436423511,
        "samples_seen": 71304192
      },
      {
        "step": 294928,
        "loss": 0.01796403246021847,
        "samples_seen": 71305216
      },
      {
        "step": 294944,
        "loss": 0.01768280933572618,
        "samples_seen": 71307264
      },
      {
        "step": 294976,
        "loss": 0.017905647736170816,
        "samples_seen": 71311360
      },
      {
        "step": 295040,
        "loss": 0.018378388298655998,
        "samples_seen": 71319552
      },
      {
        "step": 295168,
        "loss": 0.01771963586431745,
        "samples_seen": 71335936
      },
      {
        "step": 295424,
        "loss": 0.017922530768242635,
        "samples_seen": 71368704
      },
      {
        "step": 295936,
        "loss": 0.01794172355433009,
        "samples_seen": 71434240
      },
      {
        "step": 296960,
        "loss": 0.01773616022908895,
        "samples_seen": 71565312
      },
      {
        "step": 299008,
        "loss": 0.017689971061694672,
        "samples_seen": 71827456
      },
      {
        "step": 303104,
        "loss": 0.01774075930116444,