{
  "dataset": {
    "sample_count": 17898,
    "positive_count": 1639,
    "negative_count": 16259,
    "prevalence": 0.09157447759526204,
    "path": "/Users/davidlaeer/Desktop/ENPH479/capstone/htru2/HTRU_2.arff",
    "feature_count": 8,
    "feature_names": [
      "Profile_mean",
      "Profile_stdev",
      "Profile_skewness",
      "Profile_kurtosis",
      "DM_mean",
      "DM_stdev",
      "DM_skewness",
      "DM_kurtosis"
    ]
  },
  "decision_rule": {
    "threshold": 0.5,
    "threshold_applied": true
  },
  "confusion_matrix": {
    "true_positives": 1406,
    "false_positives": 73,
    "true_negatives": 16186,
    "false_negatives": 233
  },
  "prediction_distribution": {
    "predicted_positive_count": 1479,
    "predicted_negative_count": 16419,
    "predicted_positive_rate": 0.08263493127723769,
    "predicted_negative_rate": 0.9173650687227624
  },
  "metrics": {
    "accuracy": 0.9829031176667784,
    "error_rate": 0.017096882333221597,
    "precision": 0.9506423258958756,
    "recall": 0.8578401464307505,
    "true_positive_rate": 0.8578401464307505,
    "true_negative_rate": 0.9955101789777969,
    "specificity": 0.9955101789777969,
    "false_positive_rate": 0.004489821022203087,
    "false_negative_rate": 0.14215985356924954,
    "negative_predictive_value": 0.9858091235763444,
    "false_discovery_rate": 0.04935767410412441,
    "false_omission_rate": 0.01419087642365552,
    "balanced_accuracy": 0.9266751627042737,
    "f1_score": 0.9018601667735728,
    "matthews_corrcoef": 0.8939357634284608
  },
  "output_summary": {
    "min": 6.251153716449633e-07,
    "max": 0.9999826593920746,
    "mean": 0.09199359047504974,
    "std": 0.2612011599397122
  },
  "model": {
    "path": "results/htru2_model_9/model.ffnnpy",
    "backend": "accelerated",
    "format_version": 1,
    "output_modifier_name": null,
    "input_layer_dim": 8,
    "hidden_layer_shapes": [
      256,
      1
    ],
    "layer_activation_funcs": [
      "sigmoid",
      "sigmoid"
    ],
    "resolved_runtime": "numpy",
    "raw_outputs_used": true,
    "saved_training_config": {
      "learning_rate": 0.03,
      "max_power": 15,
      "evaluation_points": 512,
      "seed": 0,
      "batch_size": 128,
      "runtime": "numpy"
    }
  },
  "performance": {
    "inference_seconds": 0.036506749922409654,
    "samples_per_second": 490265.4998880993,
    "microseconds_per_sample": 2.0397111365744585
  },
  "training_history": {
    "source": "recorded_during_resumed_training",
    "metric": "evaluation_loss",
    "metric_label": "Held-out MSE loss",
    "step_label": "Training updates",
    "loss_name": "mse",
    "points": [
      {
        "step": 1,
        "loss": 0.08071530052630543,
        "samples_seen": 256
      },
      {
        "step": 2,
        "loss": 0.0799071728607646,
        "samples_seen": 512
      },
      {
        "step": 4,
        "loss": 0.07565111731472166,
        "samples_seen": 1024
      },
      {
        "step": 8,
        "loss": 0.06331372930476759,
        "samples_seen": 2048
      },
      {
        "step": 16,
        "loss": 0.04880936274318862,
        "samples_seen": 4096
      },
      {
        "step": 32,
        "loss": 0.039959357049096436,
        "samples_seen": 8192
      },
      {
        "step": 64,
        "loss": 0.0332329866721074,
        "samples_seen": 16384
      },
      {
        "step": 128,
        "loss": 0.026846944044503506,
        "samples_seen": 32768
      },
      {
        "step": 256,
        "loss": 0.023200839195851312,
        "samples_seen": 65536
      },
      {
        "step": 512,
        "loss": 0.0210761881895199,
        "samples_seen": 131072
      },
      {
        "step": 1024,
        "loss": 0.019801644424238124,
        "samples_seen": 262144
      },
      {
        "step": 2048,
        "loss": 0.01959694742248524,
        "samples_seen": 524288
      },
      {
        "step": 4096,
        "loss": 0.019096350587836722,
        "samples_seen": 1048576
      },
      {
        "step": 8192,
        "loss": 0.018591723149681834,
        "samples_seen": 2097152
      },
      {
        "step": 16384,
        "loss": 0.018569024008229882,
        "samples_seen": 4194304
      },
      {
        "step": 32768,
        "loss": 0.018423700833112382,
        "samples_seen": 8388608
      },
      {
        "step": 65536,
        "loss": 0.018619769965732405,
        "samples_seen": 16777216
      },
      {
        "step": 131072,
        "loss": 0.018308114905972013,
        "samples_seen": 33554432
      },
      {
        "step": 262144,
        "loss": 0.018240886808682154,
        "samples_seen": 67108864
      },
      {
        "step": 262145,
        "loss": 0.01830776000646575,
        "samples_seen": 67108992
      },
      {
        "step": 262146,
        "loss": 0.01853382671978404,
        "samples_seen": 67109120
      },
      {
        "step": 262148,
        "loss": 0.019056867950300288,
        "samples_seen": 67109376
      },
      {
        "step": 262152,
        "loss": 0.01830997786612163,
        "samples_seen": 67109888
      },
      {
        "step": 262160,
        "loss": 0.018227150411843612,
        "samples_seen": 67110912
      },
      {
        "step": 262176,
        "loss": 0.018117113522515365,
        "samples_seen": 67112960
      },
      {
        "step": 262208,
        "loss": 0.018561243475262355,
        "samples_seen": 67117056
      },
      {
        "step": 262272,
        "loss": 0.019213992422801834,
        "samples_seen": 67125248
      },
      {
        "step": 262400,
        "loss": 0.0179136424573843,
        "samples_seen": 67141632
      },
      {
        "step": 262656,
        "loss": 0.018183014353351325,
        "samples_seen": 67174400
      },
      {
        "step": 263168,
        "loss": 0.018367253028182394,
        "samples_seen": 67239936
      },
      {
        "step": 264192,
        "loss": 0.01774019025836839,
        "samples_seen": 67371008
      },
      {
        "step": 266240,
        "loss": 0.018056112954293647,
        "samples_seen": 67633152
      },
      {
        "step": 270336,
        "loss": 0.01786472955095662,
        "samples_seen": 68157440
      },
      {
        "step": 278528,
        "loss": 0.01764052896616949,
        "samples_seen": 69206016
      },
      {
        "step": 294912,
        "loss": 0.01750489366474113,
        "samples_seen": 71303168
      }
    ],
    "best_step": 294912,
    "best_loss": 0.01750489366474113,
    "final_step": 294912,
    "final_loss": 0.01750489366474113
  }
}
