{
  "dataset": {
    "sample_count": 17898,
    "positive_count": 1639,
    "negative_count": 16259,
    "prevalence": 0.09157447759526204,
    "path": "/Users/davidlaeer/Desktop/ENPH479/capstone/htru2/HTRU_2.arff",
    "feature_count": 8,
    "feature_names": [
      "Profile_mean",
      "Profile_stdev",
      "Profile_skewness",
      "Profile_kurtosis",
      "DM_mean",
      "DM_stdev",
      "DM_skewness",
      "DM_kurtosis"
    ]
  },
  "decision_rule": {
    "threshold": 0.5,
    "threshold_applied": true
  },
  "confusion_matrix": {
    "true_positives": 1461,
    "false_positives": 97,
    "true_negatives": 16162,
    "false_negatives": 178
  },
  "prediction_distribution": {
    "predicted_positive_count": 1558,
    "predicted_negative_count": 16340,
    "predicted_positive_rate": 0.0870488322717622,
    "predicted_negative_rate": 0.9129511677282378
  },
  "metrics": {
    "accuracy": 0.9846351547658956,
    "error_rate": 0.015364845234104418,
    "precision": 0.9377406931964056,
    "recall": 0.8913971934106162,
    "true_positive_rate": 0.8913971934106162,
    "true_negative_rate": 0.9940340734362507,
    "specificity": 0.9940340734362507,
    "false_positive_rate": 0.005965926563749308,
    "false_negative_rate": 0.10860280658938377,
    "negative_predictive_value": 0.9891064871481028,
    "false_discovery_rate": 0.06225930680359435,
    "false_omission_rate": 0.010893512851897184,
    "balanced_accuracy": 0.9427156334234335,
    "f1_score": 0.9139818579918674,
    "matthews_corrcoef": 0.9059025737163376
  },
  "output_summary": {
    "min": 6.880498425717859e-12,
    "max": 0.9999999816146065,
    "mean": 0.09744797626585386,
    "std": 0.27081201150868833
  },
  "model": {
    "path": "results/htru2_model_15/model.ffnnpy",
    "backend": "accelerated",
    "format_version": 1,
    "output_modifier_name": null,
    "input_layer_dim": 8,
    "hidden_layer_shapes": [
      256,
      128,
      1
    ],
    "layer_activation_funcs": [
      "sigmoid",
      "sigmoid",
      "sigmoid"
    ],
    "resolved_runtime": "numpy",
    "raw_outputs_used": true,
    "saved_training_config": {
      "learning_rate": 0.03,
      "max_power": 20,
      "evaluation_points": 512,
      "seed": 0,
      "batch_size": 128,
      "runtime": "numpy"
    }
  },
  "performance": {
    "inference_seconds": 0.04509891686029732,
    "samples_per_second": 396860.97241409455,
    "microseconds_per_sample": 2.5197741010334855
  },
  "training_history": {
    "source": "recorded_during_training",
    "metric": "evaluation_loss",
    "metric_label": "Held-out MSE loss",
    "step_label": "Training updates",
    "loss_name": "mse",
    "points": [
      {
        "step": 1,
        "loss": 0.51999103663456,
        "samples_seen": 128
      },
      {
        "step": 2,
        "loss": 0.40582652664011354,
        "samples_seen": 256
      },
      {
        "step": 4,
        "loss": 0.199415061159185,
        "samples_seen": 512
      },
      {
        "step": 8,
        "loss": 0.09961022373360821,
        "samples_seen": 1024
      },
      {
        "step": 16,
        "loss": 0.07697553966280729,
        "samples_seen": 2048
      },
      {
        "step": 32,
        "loss": 0.07103114816866075,
        "samples_seen": 4096
      },
      {
        "step": 64,
        "loss": 0.06705328900327688,
        "samples_seen": 8192
      },
      {
        "step": 128,
        "loss": 0.060425180396171556,
        "samples_seen": 16384
      },
      {
        "step": 256,
        "loss": 0.051147190741507385,
        "samples_seen": 32768
      },
      {
        "step": 512,
        "loss": 0.04146446695866871,
        "samples_seen": 65536
      },
      {
        "step": 1024,
        "loss": 0.03161897917357438,
        "samples_seen": 131072
      },
      {
        "step": 2048,
        "loss": 0.023896277455440002,
        "samples_seen": 262144
      },
      {
        "step": 4096,
        "loss": 0.02061529322396131,
        "samples_seen": 524288
      },
      {
        "step": 8192,
        "loss": 0.019599747343869465,
        "samples_seen": 1048576
      },
      {
        "step": 16384,
        "loss": 0.01898398431108022,
        "samples_seen": 2097152
      },
      {
        "step": 32768,
        "loss": 0.018677965973178258,
        "samples_seen": 4194304
      },
      {
        "step": 65536,
        "loss": 0.018523658001181394,
        "samples_seen": 8388608
      },
      {
        "step": 131072,
        "loss": 0.018338230008953935,
        "samples_seen": 16777216
      },
      {
        "step": 262144,
        "loss": 0.017968683250349664,
        "samples_seen": 33554432
      },
      {
        "step": 524288,
        "loss": 0.01784088649212357,
        "samples_seen": 67108864
      },
      {
        "step": 1048576,
        "loss": 0.019025916367762987,
        "samples_seen": 134217728
      }
    ],
    "best_step": 524288,
    "best_loss": 0.01784088649212357,
    "final_step": 1048576,
    "final_loss": 0.019025916367762987
  }
}
