{
  "dataset": {
    "sample_count": 17898,
    "positive_count": 1639,
    "negative_count": 16259,
    "prevalence": 0.09157447759526204,
    "path": "/Users/davidlaeer/Desktop/ENPH479/capstone/htru2/HTRU_2.arff",
    "feature_count": 8,
    "feature_names": [
      "Profile_mean",
      "Profile_stdev",
      "Profile_skewness",
      "Profile_kurtosis",
      "DM_mean",
      "DM_stdev",
      "DM_skewness",
      "DM_kurtosis"
    ]
  },
  "decision_rule": {
    "threshold": 0.5,
    "threshold_applied": true
  },
  "confusion_matrix": {
    "true_positives": 1392,
    "false_positives": 71,
    "true_negatives": 16188,
    "false_negatives": 247
  },
  "prediction_distribution": {
    "predicted_positive_count": 1463,
    "predicted_negative_count": 16435,
    "predicted_positive_rate": 0.08174097664543524,
    "predicted_negative_rate": 0.9182590233545648
  },
  "metrics": {
    "accuracy": 0.9822326516929266,
    "error_rate": 0.017767348307073383,
    "precision": 0.9514695830485305,
    "recall": 0.8492983526540574,
    "true_positive_rate": 0.8492983526540574,
    "true_negative_rate": 0.9956331877729258,
    "specificity": 0.9956331877729258,
    "false_positive_rate": 0.004366812227074236,
    "false_negative_rate": 0.15070164734594266,
    "negative_predictive_value": 0.9849710982658959,
    "false_discovery_rate": 0.048530416951469584,
    "false_omission_rate": 0.015028901734104046,
    "balanced_accuracy": 0.9224657702134915,
    "f1_score": 0.8974854932301741,
    "matthews_corrcoef": 0.88951012775656
  },
  "output_summary": {
    "min": 1.4029564166335286e-06,
    "max": 0.9999822849578675,
    "mean": 0.09511264364599849,
    "std": 0.2581235970591641
  },
  "model": {
    "path": "results/htru2_model_5/model.ffnnpy",
    "backend": "accelerated",
    "format_version": 1,
    "output_modifier_name": null,
    "input_layer_dim": 8,
    "hidden_layer_shapes": [
      256,
      1
    ],
    "layer_activation_funcs": [
      "sigmoid",
      "sigmoid"
    ],
    "resolved_runtime": "numpy",
    "raw_outputs_used": true,
    "saved_training_config": {
      "learning_rate": 0.1,
      "max_power": 18,
      "evaluation_points": 512,
      "seed": 0,
      "batch_size": 256,
      "runtime": "numpy"
    }
  },
  "performance": {
    "inference_seconds": 0.0306534580886364,
    "samples_per_second": 583881.9211929307,
    "microseconds_per_sample": 1.7126750524436472
  },
  "training_history": {
    "source": "recorded_during_training",
    "metric": "evaluation_loss",
    "metric_label": "Held-out MSE loss",
    "step_label": "Training updates",
    "loss_name": "mse",
    "points": [
      {
        "step": 1,
        "loss": 0.08071530052630543,
        "samples_seen": 256
      },
      {
        "step": 2,
        "loss": 0.0799071728607646,
        "samples_seen": 512
      },
      {
        "step": 4,
        "loss": 0.07565111731472166,
        "samples_seen": 1024
      },
      {
        "step": 8,
        "loss": 0.06331372930476759,
        "samples_seen": 2048
      },
      {
        "step": 16,
        "loss": 0.04880936274318862,
        "samples_seen": 4096
      },
      {
        "step": 32,
        "loss": 0.039959357049096436,
        "samples_seen": 8192
      },
      {
        "step": 64,
        "loss": 0.0332329866721074,
        "samples_seen": 16384
      },
      {
        "step": 128,
        "loss": 0.026846944044503506,
        "samples_seen": 32768
      },
      {
        "step": 256,
        "loss": 0.023200839195851312,
        "samples_seen": 65536
      },
      {
        "step": 512,
        "loss": 0.0210761881895199,
        "samples_seen": 131072
      },
      {
        "step": 1024,
        "loss": 0.019801644424238124,
        "samples_seen": 262144
      },
      {
        "step": 2048,
        "loss": 0.01959694742248524,
        "samples_seen": 524288
      },
      {
        "step": 4096,
        "loss": 0.019096350587836722,
        "samples_seen": 1048576
      },
      {
        "step": 8192,
        "loss": 0.018591723149681834,
        "samples_seen": 2097152
      },
      {
        "step": 16384,
        "loss": 0.018569024008229882,
        "samples_seen": 4194304
      },
      {
        "step": 32768,
        "loss": 0.018423700833112382,
        "samples_seen": 8388608
      },
      {
        "step": 65536,
        "loss": 0.018619769965732405,
        "samples_seen": 16777216
      },
      {
        "step": 131072,
        "loss": 0.018308114905972013,
        "samples_seen": 33554432
      },
      {
        "step": 262144,
        "loss": 0.018240886808682154,
        "samples_seen": 67108864
      }
    ],
    "best_step": 262144,
    "best_loss": 0.018240886808682154,
    "final_step": 262144,
    "final_loss": 0.018240886808682154
  }
}
