{
  "dataset": {
    "sample_count": 17898,
    "positive_count": 1639,
    "negative_count": 16259,
    "prevalence": 0.09157447759526204,
    "path": "/Users/davidlaeer/Desktop/ENPH479/capstone/htru2/HTRU_2.arff",
    "feature_count": 8,
    "feature_names": [
      "Profile_mean",
      "Profile_stdev",
      "Profile_skewness",
      "Profile_kurtosis",
      "DM_mean",
      "DM_stdev",
      "DM_skewness",
      "DM_kurtosis"
    ]
  },
  "decision_rule": {
    "threshold": 0.5,
    "threshold_applied": true
  },
  "confusion_matrix": {
    "true_positives": 1318,
    "false_positives": 98,
    "true_negatives": 16161,
    "false_negatives": 321
  },
  "prediction_distribution": {
    "predicted_positive_count": 1416,
    "predicted_negative_count": 16482,
    "predicted_positive_rate": 0.07911498491451559,
    "predicted_negative_rate": 0.9208850150854844
  },
  "metrics": {
    "accuracy": 0.9765895630796737,
    "error_rate": 0.023410436920326294,
    "precision": 0.9307909604519774,
    "recall": 0.8041488712629652,
    "true_positive_rate": 0.8041488712629652,
    "true_negative_rate": 0.9939725690386862,
    "specificity": 0.9939725690386862,
    "false_positive_rate": 0.006027430961313734,
    "false_negative_rate": 0.19585112873703478,
    "negative_predictive_value": 0.9805242082271569,
    "false_discovery_rate": 0.0692090395480226,
    "false_omission_rate": 0.0194757917728431,
    "balanced_accuracy": 0.8990607201508257,
    "f1_score": 0.8628477905073649,
    "matthews_corrcoef": 0.8528424092380334
  },
  "output_summary": {
    "min": 0.0019295638177155312,
    "max": 0.9943164518288774,
    "mean": 0.08686874659573349,
    "std": 0.25130477113356453
  },
  "model": {
    "path": "results/htru2_model_2/model.ffnnpy",
    "backend": "accelerated",
    "format_version": 1,
    "output_modifier_name": null,
    "input_layer_dim": 8,
    "hidden_layer_shapes": [
      64,
      64,
      32,
      1
    ],
    "layer_activation_funcs": [
      "sigmoid",
      "sigmoid",
      "sigmoid",
      "sigmoid"
    ],
    "resolved_runtime": "numba",
    "raw_outputs_used": true,
    "saved_training_config": {
      "learning_rate": 0.05,
      "max_power": 16,
      "evaluation_points": 512,
      "seed": 21,
      "batch_size": 256,
      "runtime": "numba"
    }
  },
  "performance": {
    "inference_seconds": 0.3512321659363806,
    "samples_per_second": 50957.747426931,
    "microseconds_per_sample": 19.62410134855183
  }
}
