{
  "dataset": {
    "sample_count": 17898,
    "positive_count": 1639,
    "negative_count": 16259,
    "prevalence": 0.09157447759526204,
    "path": "/Users/davidlaeer/Desktop/ENPH479/capstone/htru2/HTRU_2.arff",
    "feature_count": 8,
    "feature_names": [
      "Profile_mean",
      "Profile_stdev",
      "Profile_skewness",
      "Profile_kurtosis",
      "DM_mean",
      "DM_stdev",
      "DM_skewness",
      "DM_kurtosis"
    ]
  },
  "decision_rule": {
    "threshold": 0.5,
    "threshold_applied": true
  },
  "confusion_matrix": {
    "true_positives": 1412,
    "false_positives": 93,
    "true_negatives": 16166,
    "false_negatives": 227
  },
  "prediction_distribution": {
    "predicted_positive_count": 1505,
    "predicted_negative_count": 16393,
    "predicted_positive_rate": 0.08408760755391664,
    "predicted_negative_rate": 0.9159123924460834
  },
  "metrics": {
    "accuracy": 0.9821209073639513,
    "error_rate": 0.0178790926360487,
    "precision": 0.9382059800664452,
    "recall": 0.8615009151921904,
    "true_positive_rate": 0.8615009151921904,
    "true_negative_rate": 0.9942800910265084,
    "specificity": 0.9942800910265084,
    "false_positive_rate": 0.005719908973491604,
    "false_negative_rate": 0.13849908480780965,
    "negative_predictive_value": 0.9861526261209053,
    "false_discovery_rate": 0.061794019933554815,
    "false_omission_rate": 0.013847373879094736,
    "balanced_accuracy": 0.9278905031093494,
    "f1_score": 0.8982188295165394,
    "matthews_corrcoef": 0.8894090949107304
  },
  "output_summary": {
    "min": 2.3585021019828518e-07,
    "max": 0.9999931025929175,
    "mean": 0.08872121727070374,
    "std": 0.2631129389753315
  },
  "model": {
    "path": "results/htru2_hyperparameter_sweep_20260407_full_4/model.ffnnpy",
    "backend": "accelerated",
    "format_version": 1,
    "output_modifier_name": null,
    "input_layer_dim": 8,
    "hidden_layer_shapes": [
      32,
      1
    ],
    "layer_activation_funcs": [
      "sigmoid",
      "sigmoid"
    ],
    "resolved_runtime": "numpy",
    "raw_outputs_used": true,
    "saved_training_config": {
      "learning_rate": 0.1,
      "max_power": 20,
      "evaluation_points": 512,
      "seed": 23,
      "batch_size": 256,
      "runtime": "numpy"
    }
  },
  "performance": {
    "inference_seconds": 0.00426583387888968,
    "samples_per_second": 4195662.678889533,
    "microseconds_per_sample": 0.23834137215832382
  },
  "training_history": {
    "source": "recorded_during_training",
    "metric": "evaluation_loss",
    "metric_label": "Held-out MSE loss",
    "step_label": "Training updates",
    "loss_name": "mse",
    "points": [
      {
        "step": 1,
        "loss": 0.12985066243203255,
        "samples_seen": 256
      },
      {
        "step": 2,
        "loss": 0.10399558466558835,
        "samples_seen": 512
      },
      {
        "step": 4,
        "loss": 0.08357267005712689,
        "samples_seen": 1024
      },
      {
        "step": 8,
        "loss": 0.07179555126314072,
        "samples_seen": 2048
      },
      {
        "step": 16,
        "loss": 0.06419299784406024,
        "samples_seen": 4096
      },
      {
        "step": 32,
        "loss": 0.05622781890253,
        "samples_seen": 8192
      },
      {
        "step": 64,
        "loss": 0.04738714716259238,
        "samples_seen": 16384
      },
      {
        "step": 128,
        "loss": 0.0398481224187335,
        "samples_seen": 32768
      },
      {
        "step": 256,
        "loss": 0.031762608940926286,
        "samples_seen": 65536
      },
      {
        "step": 512,
        "loss": 0.02647565857590522,
        "samples_seen": 131072
      },
      {
        "step": 1024,
        "loss": 0.02335808517061599,
        "samples_seen": 262144
      },
      {
        "step": 2048,
        "loss": 0.022133754943491468,
        "samples_seen": 524288
      },
      {
        "step": 4096,
        "loss": 0.02126306470374653,
        "samples_seen": 1048576
      },
      {
        "step": 8192,
        "loss": 0.020385727375097543,
        "samples_seen": 2097152
      },
      {
        "step": 16384,
        "loss": 0.02040832579390863,
        "samples_seen": 4194304
      },
      {
        "step": 32768,
        "loss": 0.022557940499505477,
        "samples_seen": 8388608
      },
      {
        "step": 65536,
        "loss": 0.02011966741701569,
        "samples_seen": 16777216
      },
      {
        "step": 131072,
        "loss": 0.02196351831161788,
        "samples_seen": 33554432
      },
      {
        "step": 262144,
        "loss": 0.019740233210588775,
        "samples_seen": 67108864
      },
      {
        "step": 524288,
        "loss": 0.018974904956475924,
        "samples_seen": 134217728
      },
      {
        "step": 1048576,
        "loss": 0.019116257245554245,
        "samples_seen": 268435456
      }
    ],
    "best_step": 524288,
    "best_loss": 0.018974904956475924,
    "final_step": 1048576,
    "final_loss": 0.019116257245554245
  }
}
